{
  "node_positions": {
    "aede0e45b6cf623d56b8cb10db562bb27eb7a1ce6137a085cd36384d046d86d1:2": {
      "x": 1193.8492627231092,
      "y": 944.3750816491942
    },
    "21b58eeada8bb810401f33aa12ee7ad02ecdfcf56ab00e9eccbb2bd96bb4a603:0": {
      "x": 1375.0822160787964,
      "y": 1047.352543434713
    },
    "21b58eeada8bb810401f33aa12ee7ad02ecdfcf56ab00e9eccbb2bd96bb4a603:2": {
      "x": 1306.609483380925,
      "y": 830.9485949822342
    },
    "968b55912ba7bd60218e5a481d19c7c216e1fc06de885f999523ec3668a122bb:4": {
      "x": 923.5632367809596,
      "y": 790.0318319775366
    },
    "b02e5768ddd436391d6a1a95b68939c75d6e472c4ebe4884bb3cbd737bbc9f0e:0": {
      "x": 1573.5244583591764,
      "y": 1026.9641965229396
    },
    "b02e5768ddd436391d6a1a95b68939c75d6e472c4ebe4884bb3cbd737bbc9f0e:2": {
      "x": 1493.334046633963,
      "y": 1158.956216674559
    },
    "d6b9ef66776dc1cf3d3bbe826fa4b07554fef5eac97373e58d59cf838ee49d13:0": {
      "x": 1380.2517655081356,
      "y": 1266.9966433206184
    },
    "d6b9ef66776dc1cf3d3bbe826fa4b07554fef5eac97373e58d59cf838ee49d13:1": {
      "x": 1460.2589146096125,
      "y": 919.6537857260487
    },
    "21b58eeada8bb810401f33aa12ee7ad02ecdfcf56ab00e9eccbb2bd96bb4a603:1": {
      "x": 922.4310773076461,
      "y": 986.499875628372
    },
    "a667c4f32cc82cc421f1cb43a3eb0f7aee9869eb8d49f65395dc53ba1de99319:0": {
      "x": 616.5799301088709,
      "y": 790.5933545440043
    },
    "a667c4f32cc82cc421f1cb43a3eb0f7aee9869eb8d49f65395dc53ba1de99319:1": {
      "x": 1042.8849779129803,
      "y": 891.470108312806
    },
    "a667c4f32cc82cc421f1cb43a3eb0f7aee9869eb8d49f65395dc53ba1de99319:2": {
      "x": 989.3339075138226,
      "y": 668.8546148284998
    },
    "b02e5768ddd436391d6a1a95b68939c75d6e472c4ebe4884bb3cbd737bbc9f0e:1": {
      "x": 1091.3514359979451,
      "y": 762.0543652500721
    },
    "fa0320f5cfb85fc60956222eb98d1b81519449f5faf370df7c6c357b83ddd0eb:0": {
      "x": 970.8257981267043,
      "y": 529.4048341248514
    },
    "a667c4f32cc82cc421f1cb43a3eb0f7aee9869eb8d49f65395dc53ba1de99319:3": {
      "x": 1687.3071472427268,
      "y": 942.0090878580613
    },
    "d6b9ef66776dc1cf3d3bbe826fa4b07554fef5eac97373e58d59cf838ee49d13:2": {
      "x": 1718.1898316564454,
      "y": 1099.5216746069823
    },
    "9177daf751c28290be09d1a3ad884f6d221f164f42e078f8a67214d1bc26a4b0:0": {
      "x": 1288.2407131504003,
      "y": 1470.2044626158245
    },
    "9177daf751c28290be09d1a3ad884f6d221f164f42e078f8a67214d1bc26a4b0:2": {
      "x": 1576.4269324558811,
      "y": 1295.5834494622397
    },
    "a667c4f32cc82cc421f1cb43a3eb0f7aee9869eb8d49f65395dc53ba1de99319:4": {
      "x": 1455.8130740150036,
      "y": 1400.610263507601
    },
    "052cfe1f321e75e51f95d5f5801644e1008c176d52ad2f6019e6a4e3c4ae446a:0": {
      "x": 274.3518082104798,
      "y": 795.26833645326
    },
    "052cfe1f321e75e51f95d5f5801644e1008c176d52ad2f6019e6a4e3c4ae446a:1": {
      "x": 496.9416369137527,
      "y": 858.5017777435479
    },
    "052cfe1f321e75e51f95d5f5801644e1008c176d52ad2f6019e6a4e3c4ae446a:2": {
      "x": 687.2499587916885,
      "y": 909.2594751715889
    },
    "4817e25e8c8e8c453cf39f26c8df769501266556fafa4ab741a255f08f9b214f:1": {
      "x": 706.4299961496818,
      "y": 631.0806440685902
    },
    "9177daf751c28290be09d1a3ad884f6d221f164f42e078f8a67214d1bc26a4b0:1": {
      "x": 561.3969376993628,
      "y": 998.2516929188839
    },
    "f4d39d2d28792516b4fc682882d1c001180df2113ac7ad06ab00af2adde31e90:2": {
      "x": 960.1332524778244,
      "y": 265.9123928901602
    },
    "0599e9caf3e87d5b23d81f88a36d37ab36f7abe40e54a2b4226da7ade404a5c8:1": {
      "x": 1240.574019334413,
      "y": 1635.686440369246
    },
    "3d53bc473600200a55c51a449c3627fec10b52aa61e1cd3178e86c6c5c426a72:0": {
      "x": 1131.5464538470637,
      "y": 1502.5333251162526
    },
    "4817e25e8c8e8c453cf39f26c8df769501266556fafa4ab741a255f08f9b214f:0": {
      "x": 1231.9688669350548,
      "y": 1342.2534628559695
    },
    "dbb19412b11a12f9586810aa3f6e163074da26975aa3568a8605fe540d0f7e85:0": {
      "x": 1411.0492912475274,
      "y": 1551.4019826646977
    },
    "118ddbcde7ec901c40809f10254012e5fee0350a037e000bd00039f719de9bf4:1": {
      "x": 136.96814320974403,
      "y": 999.9851219241486
    },
    "1a34ad8d0f28e2f094e584202e4b3d22d76a24637069b1df1f4d177b156e0b28:0": {
      "x": 305.0744918661823,
      "y": 1027.150471544213
    },
    "b253bffe5cac133935bd00593a33f221c9103566716d6b8f166221e713f294e5:1": {
      "x": 335.0664337624294,
      "y": 673.4807570385768
    },
    "ea6b24e2df0078f8ae3fc9dc83c17c4c8c469118d426eeba151d08cf5f9f86a9:0": {
      "x": 21.086841120852068,
      "y": 556.8169483230469
    },
    "ea6b24e2df0078f8ae3fc9dc83c17c4c8c469118d426eeba151d08cf5f9f86a9:1": {
      "x": 144.64215692254254,
      "y": 842.3766042327503
    },
    "ea6b24e2df0078f8ae3fc9dc83c17c4c8c469118d426eeba151d08cf5f9f86a9:2": {
      "x": 365.22962620071644,
      "y": 898.9934317571024
    },
    "422085f1c7be2263c192665c6ec45222cbfa8e2674656cdb9e754a840492126c:0": {
      "x": 746.4285585417501,
      "y": 407.3252505294748
    },
    "c792e8488fc740b7251727e2825f69588fdca3c9cca661cf490a892de5df9735:1": {
      "x": 766.7326353409968,
      "y": 783.2422912339662
    },
    "3316bc6df7b4689ed7f306b6451fe2694e6064c631bf1e445c7f1f71b369a419:2": {
      "x": 1090.8739457808074,
      "y": 181.053168934814
    },
    "8dec059e434ce2b60e1afd685c05f2b99dba5f4d3abd6680917d8aa248b5db60:3": {
      "x": 665.315778107443,
      "y": 198.00119864390447
    },
    "052cfe1f321e75e51f95d5f5801644e1008c176d52ad2f6019e6a4e3c4ae446a:4": {
      "x": 1369.9834102011282,
      "y": 1731.6715558244332
    },
    "118ddbcde7ec901c40809f10254012e5fee0350a037e000bd00039f719de9bf4:0": {
      "x": 1221.702170613852,
      "y": 1773.903805521766
    },
    "118ddbcde7ec901c40809f10254012e5fee0350a037e000bd00039f719de9bf4:2": {
      "x": 1075.4092766340493,
      "y": 1708.8905751578875
    },
    "dbb19412b11a12f9586810aa3f6e163074da26975aa3568a8605fe540d0f7e85:1": {
      "x": 983.1148089695951,
      "y": 1562.254841450496
    },
    "422085f1c7be2263c192665c6ec45222cbfa8e2674656cdb9e754a840492126c:1": {
      "x": 1543.0349681872399,
      "y": 1641.8430343773164
    },
    "1a34ad8d0f28e2f094e584202e4b3d22d76a24637069b1df1f4d177b156e0b28:1": {
      "x": 249.9988120499733,
      "y": 1184.3979944480323
    },
    "b253bffe5cac133935bd00593a33f221c9103566716d6b8f166221e713f294e5:0": {
      "x": 3.1349602992937333,
      "y": 982.2755191392811
    },
    "d58816bb0b28715b48053deb3302e264398ab809228752c53917d8b5c9f25714:0": {
      "x": -57.92192302231735,
      "y": 1153.8059658966588
    },
    "d58816bb0b28715b48053deb3302e264398ab809228752c53917d8b5c9f25714:1": {
      "x": 96.26538592533579,
      "y": 1148.3596359286737
    },
    "b253bffe5cac133935bd00593a33f221c9103566716d6b8f166221e713f294e5:2": {
      "x": 405.93495309708214,
      "y": 1151.7512842025574
    },
    "d58816bb0b28715b48053deb3302e264398ab809228752c53917d8b5c9f25714:2": {
      "x": 483.05068319778024,
      "y": 612.6647152123392
    },
    "ea6b24e2df0078f8ae3fc9dc83c17c4c8c469118d426eeba151d08cf5f9f86a9:3": {
      "x": 213.73655399294788,
      "y": 606.058494264269
    },
    "31600749c8038b3a7cd8b647a74b2e30ac62e79bc4f97ace60f44b67a8631354:1": {
      "x": -247.9729175510361,
      "y": 475.3805976002521
    },
    "7e10917abe24346e1b3c6a93dd31c82721e5f235dd99319fca86d9a936d52475:0": {
      "x": -79.85436905512765,
      "y": 453.4564299483131
    },
    "ab3926a6736014d88e63407450b532ebf8ca081af0ac9ed2d690020f44b573c6:1": {
      "x": -105.93119353824676,
      "y": 711.6331511867902
    },
    "e9a18accc4ef04fd44405cca122a82c5d17bca023099163b64867d46648ca41c:0": {
      "x": 58.323802709792886,
      "y": 299.1564500548355
    },
    "e9a18accc4ef04fd44405cca122a82c5d17bca023099163b64867d46648ca41c:1": {
      "x": 140.27199929975922,