{
  "node_positions": {
    "0252a8f04a976a88bba3a9086db58ba3db596c249cdb83dd2a5320face7c23d5:1": {
      "x": 566.1023192339801,
      "y": 1575.2442691949661
    },
    "052cfe1f321e75e51f95d5f5801644e1008c176d52ad2f6019e6a4e3c4ae446a:0": {
      "x": 886.8750058759811,
      "y": 224.39665702691568
    },
    "052cfe1f321e75e51f95d5f5801644e1008c176d52ad2f6019e6a4e3c4ae446a:1": {
      "x": 421.30743016989135,
      "y": 482.85181458756557
    },
    "052cfe1f321e75e51f95d5f5801644e1008c176d52ad2f6019e6a4e3c4ae446a:2": {
      "x": 632.9202801919183,
      "y": 339.4673128218163
    },
    "052cfe1f321e75e51f95d5f5801644e1008c176d52ad2f6019e6a4e3c4ae446a:4": {
      "x": 620.7645219814866,
      "y": 872.9853260122244
    },
    "0599e9caf3e87d5b23d81f88a36d37ab36f7abe40e54a2b4226da7ade404a5c8:1": {
      "x": 712.9802778439498,
      "y": 749.6537479875494
    },
    "118ddbcde7ec901c40809f10254012e5fee0350a037e000bd00039f719de9bf4:0": {
      "x": 823.3236258777512,
      "y": 834.9963537356027
    },
    "118ddbcde7ec901c40809f10254012e5fee0350a037e000bd00039f719de9bf4:1": {
      "x": 1167.5063272834,
      "y": 388.9458062494867
    },
    "118ddbcde7ec901c40809f10254012e5fee0350a037e000bd00039f719de9bf4:2": {
      "x": 745.1272971128154,
      "y": 974.5529147406525
    },
    "1a34ad8d0f28e2f094e584202e4b3d22d76a24637069b1df1f4d177b156e0b28:0": {
      "x": 875.25612374922,
      "y": 365.9548691502472
    },
    "1a34ad8d0f28e2f094e584202e4b3d22d76a24637069b1df1f4d177b156e0b28:1": {
      "x": 1345.8290001162604,
      "y": 316.95067770675416
    },
    "1d79e6500487604ae102abf8511b329fcbfa52c24f2598e2452d91c2e7d08bc5:0": {
      "x": 339.7142385920429,
      "y": 1547.9861025918422
    },
    "21b58eeada8bb810401f33aa12ee7ad02ecdfcf56ab00e9eccbb2bd96bb4a603:0": {
      "x": 329.63355694256694,
      "y": 23.20870349496936
    },
    "21b58eeada8bb810401f33aa12ee7ad02ecdfcf56ab00e9eccbb2bd96bb4a603:1": {
      "x": 121.42335636473153,
      "y": 686.5889990762029
    },
    "21b58eeada8bb810401f33aa12ee7ad02ecdfcf56ab00e9eccbb2bd96bb4a603:2": {
      "x": 137.9305111915643,
      "y": 139.80460251535197
    },
    "31600749c8038b3a7cd8b647a74b2e30ac62e79bc4f97ace60f44b67a8631354:1": {
      "x": 1110.708914523452,
      "y": -295.70466915191963
    },
    "3316bc6df7b4689ed7f306b6451fe2694e6064c631bf1e445c7f1f71b369a419:2": {
      "x": 142.74158318420848,
      "y": 1213.5006374581108
    },
    "3d53bc473600200a55c51a449c3627fec10b52aa61e1cd3178e86c6c5c426a72:0": {
      "x": 875.3907045934552,
      "y": 688.2130573454515
    },
    "422085f1c7be2263c192665c6ec45222cbfa8e2674656cdb9e754a840492126c:0": {
      "x": -25.85093720153037,
      "y": 272.674650721337
    },
    "422085f1c7be2263c192665c6ec45222cbfa8e2674656cdb9e754a840492126c:1": {
      "x": 1000.1218444869014,
      "y": 588.9785243972516
    },
    "4817e25e8c8e8c453cf39f26c8df769501266556fafa4ab741a255f08f9b214f:0": {
      "x": 607.6547901966381,
      "y": 596.2641047155306
    },
    "4817e25e8c8e8c453cf39f26c8df769501266556fafa4ab741a255f08f9b214f:1": {
      "x": 188.7796131007223,
      "y": 370.582452439886
    },
    "571605df338565c7d9da56b50d3369ae046f5a7c0f025a52387c4f718dbf288f:0": {
      "x": 317.3746859149154,
      "y": 1399.429913963408
    },
    "571605df338565c7d9da56b50d3369ae046f5a7c0f025a52387c4f718dbf288f:1": {
      "x": 464.5852840987611,
      "y": 1486.9260885653644
    },
    "571605df338565c7d9da56b50d3369ae046f5a7c0f025a52387c4f718dbf288f:2": {
      "x": 606.154160990407,
      "y": 1423.0930794834585
    },
    "7e10917abe24346e1b3c6a93dd31c82721e5f235dd99319fca86d9a936d52475:0": {
      "x": 894.4655778248164,
      "y": -111.75119420894663
    },
    "8dec059e434ce2b60e1afd685c05f2b99dba5f4d3abd6680917d8aa248b5db60:3": {
      "x": 447.45301719151615,
      "y": 1353.3212796733803
    },
    "8dec059e434ce2b60e1afd685c05f2b99dba5f4d3abd6680917d8aa248b5db60:4": {
      "x": -15.562833144466039,
      "y": 1256.037949037749
    },
    "9177daf751c28290be09d1a3ad884f6d221f164f42e078f8a67214d1bc26a4b0:0": {
      "x": 707.1518215524007,
      "y": 498.51547971273834
    },
    "9177daf751c28290be09d1a3ad884f6d221f164f42e078f8a67214d1bc26a4b0:1": {
      "x": 410.11105372182755,
      "y": 241.2727743868046
    },
    "9177daf751c28290be09d1a3ad884f6d221f164f42e078f8a67214d1bc26a4b0:2": {
      "x": 482.86645015944356,
      "y": 32.57211184524761
    },
    "968b55912ba7bd60218e5a481d19c7c216e1fc06de885f999523ec3668a122bb:4": {
      "x": 306.75001446269795,
      "y": 584.7795181613491
    },
    "9ca7c288212593ac07160c426979f2f7bceb5c52458f050935d6280bbeffff16:0": {
      "x": 44.78284640892741,
      "y": 1114.1812786763116
    },
    "9ca7c288212593ac07160c426979f2f7bceb5c52458f050935d6280bbeffff16:1": {
      "x": 577.7778751643248,
      "y": 1271.2905295530522
    },
    "9ca7c288212593ac07160c426979f2f7bceb5c52458f050935d6280bbeffff16:2": {
      "x": 97.57343676275578,
      "y": 1369.5025190703275
    },
    "a667c4f32cc82cc421f1cb43a3eb0f7aee9869eb8d49f65395dc53ba1de99319:0": {
      "x": 497.8148566798545,
      "y": 367.46318391523664
    },
    "a667c4f32cc82cc421f1cb43a3eb0f7aee9869eb8d49f65395dc53ba1de99319:1": {
      "x": 271.3362643359581,
      "y": 719.381342546311
    },
    "a667c4f32cc82cc421f1cb43a3eb0f7aee9869eb8d49f65395dc53ba1de99319:2": {
      "x": 175.40643403136326,
      "y": 542.9334684625884
    },
    "a667c4f32cc82cc421f1cb43a3eb0f7aee9869eb8d49f65395dc53ba1de99319:3": {
      "x": 220.4881592157437,
      "y": -359.7402516428468
    },
    "a667c4f32cc82cc421f1cb43a3eb0f7aee9869eb8d49f65395dc53ba1de99319:4": {
      "x": 638.3122137087188,
      "y": 40.47059914222778
    },
    "ab3926a6736014d88e63407450b532ebf8ca081af0ac9ed2d690020f44b573c6:1": {
      "x": 1160.160198348565,
      "y": -139.9961314140902
    },
    "aede0e45b6cf623d56b8cb10db562bb27eb7a1ce6137a085cd36384d046d86d1:2": {
      "x": 256.39558939737776,
      "y": 231.31803404187968
    },
    "b02e5768ddd436391d6a1a95b68939c75d6e472c4ebe4884bb3cbd737bbc9f0e:0": {
      "x": 206.8838493585303,
      "y": -210.86084444826352
    },
    "b02e5768ddd436391d6a1a95b68939c75d6e472c4ebe4884bb3cbd737bbc9f0e:1": {
      "x": 404.0190045817735,
      "y": 680.6102250433698
    },
    "b02e5768ddd436391d6a1a95b68939c75d6e472c4ebe4884bb3cbd737bbc9f0e:2": {
      "x": 188.26539954720062,
      "y": -51.604003173337084
    },
    "b253bffe5cac133935bd00593a33f221c9103566716d6b8f166221e713f294e5:0": {
      "x": 1258.9856229953787,
      "y": 488.15631030753656
    },
    "b253bffe5cac133935bd00593a33f221c9103566716d6b8f166221e713f294e5:1": {
      "x": 1069.7985257931955,
      "y": 202.94594933861939
    },
    "b253bffe5cac133935bd00593a33f221c9103566716d6b8f166221e713f294e5:2": {
      "x": 1017.6570685627712,
      "y": 431.1406970496304
    },
    "c319e39ce7e23f0ba83eafe3c5514d9f3f60906f49ed7add341f02e4e6951339:0": {
      "x": -163.29903465679715,
      "y": 199.77093351418347
    },
    "c319e39ce7e23f0ba83eafe3c5514d9f3f60906f49ed7add341f02e4e6951339:1": {
      "x": -122.71828777407643,
      "y": 536.1057864245311
    },
    "c792e8488fc740b7251727e2825f69588fdca3c9cca661cf490a892de5df9735:0": {
      "x": -178.29241481826963,
      "y": 359.1935769627689
    },
    "c792e8488fc740b7251727e2825f69588fdca3c9cca661cf490a892de5df9735:1": {
      "x": 21.600814812639552,
      "y": 457.59680588169437
    },
    "d58816bb0b28715b48053deb3302e264398ab809228752c53917d8b5c9f25714:0": {
      "x": 1393.8158445036643,
      "y": 452.83708182024463
    },
    "d58816bb0b28715b48053deb3302e264398ab809228752c53917d8b5c9f25714:1": {
      "x": 1187.1984573942866,
      "y": 624.2709195978628
    },
    "d58816bb0b28715b48053deb3302e264398ab809228752c53917d8b5c9f25714:2": {
      "x": 1293.2318440194408,
      "y": 178.14968831754373
    },
    "d6b9ef66776dc1cf3d3bbe826fa4b07554fef5eac97373e58d59cf838ee49d13:0": {
      "x": 554.0477802170933,