{
  "node_positions": {
    "aede0e45b6cf623d56b8cb10db562bb27eb7a1ce6137a085cd36384d046d86d1:2": {
      "x": 1307.5514055866224,
      "y": 586.9961673383925
    },
    "21b58eeada8bb810401f33aa12ee7ad02ecdfcf56ab00e9eccbb2bd96bb4a603:0": {
      "x": 1213.4985015750374,
      "y": 857.5539351497869
    },
    "21b58eeada8bb810401f33aa12ee7ad02ecdfcf56ab00e9eccbb2bd96bb4a603:2": {
      "x": 1253.2790571252262,
      "y": 452.36586251130126
    },
    "968b55912ba7bd60218e5a481d19c7c216e1fc06de885f999523ec3668a122bb:4": {
      "x": 1064.0666630831545,
      "y": 633.3189068335046
    },
    "b02e5768ddd436391d6a1a95b68939c75d6e472c4ebe4884bb3cbd737bbc9f0e:0": {
      "x": 1319.521147798548,
      "y": 782.8223980684098
    },
    "b02e5768ddd436391d6a1a95b68939c75d6e472c4ebe4884bb3cbd737bbc9f0e:2": {
      "x": 1303.9139953588126,
      "y": 973.5275104057815
    },
    "d6b9ef66776dc1cf3d3bbe826fa4b07554fef5eac97373e58d59cf838ee49d13:0": {
      "x": 995.3043119999238,
      "y": 966.5123733205306
    },
    "d6b9ef66776dc1cf3d3bbe826fa4b07554fef5eac97373e58d59cf838ee49d13:1": {
      "x": 1145.0382847369037,
      "y": 982.1895536126954
    },
    "21b58eeada8bb810401f33aa12ee7ad02ecdfcf56ab00e9eccbb2bd96bb4a603:1": {
      "x": 1111.342105137494,
      "y": 500.34275753018414
    },
    "a667c4f32cc82cc421f1cb43a3eb0f7aee9869eb8d49f65395dc53ba1de99319:0": {
      "x": 781.6070440242644,
      "y": 726.120485631225
    },
    "a667c4f32cc82cc421f1cb43a3eb0f7aee9869eb8d49f65395dc53ba1de99319:1": {
      "x": 1000.116060827453,
      "y": 788.6584034672634
    },
    "a667c4f32cc82cc421f1cb43a3eb0f7aee9869eb8d49f65395dc53ba1de99319:2": {
      "x": 1114.401365464057,
      "y": 773.4098386935021
    },
    "b02e5768ddd436391d6a1a95b68939c75d6e472c4ebe4884bb3cbd737bbc9f0e:1": {
      "x": 1186.213692843398,
      "y": 661.2747488723168
    },
    "fa0320f5cfb85fc60956222eb98d1b81519449f5faf370df7c6c357b83ddd0eb:0": {
      "x": 960.1642358878262,
      "y": 544.3324406067529
    },
    "a667c4f32cc82cc421f1cb43a3eb0f7aee9869eb8d49f65395dc53ba1de99319:3": {
      "x": 1426.52277564894,
      "y": 872.6309398426823
    },
    "d6b9ef66776dc1cf3d3bbe826fa4b07554fef5eac97373e58d59cf838ee49d13:2": {
      "x": 1432.7502253984796,
      "y": 676.9786851638427
    },
    "9177daf751c28290be09d1a3ad884f6d221f164f42e078f8a67214d1bc26a4b0:0": {
      "x": 856.9062768541171,
      "y": 1116.524740828795
    },
    "9177daf751c28290be09d1a3ad884f6d221f164f42e078f8a67214d1bc26a4b0:2": {
      "x": 1079.3855974043079,
      "y": 1113.6655382268993
    },
    "a667c4f32cc82cc421f1cb43a3eb0f7aee9869eb8d49f65395dc53ba1de99319:4": {
      "x": 868.3181850377995,
      "y": 975.7819305115929
    },
    "052cfe1f321e75e51f95d5f5801644e1008c176d52ad2f6019e6a4e3c4ae446a:0": {
      "x": 485.2089732652996,
      "y": 635.0543904100749
    },
    "052cfe1f321e75e51f95d5f5801644e1008c176d52ad2f6019e6a4e3c4ae446a:1": {
      "x": 790.0916658725915,
      "y": 878.6043243927409
    },
    "052cfe1f321e75e51f95d5f5801644e1008c176d52ad2f6019e6a4e3c4ae446a:2": {
      "x": 880.5097330442097,
      "y": 800.6258335874577
    },
    "4817e25e8c8e8c453cf39f26c8df769501266556fafa4ab741a255f08f9b214f:1": {
      "x": 537.2668438256236,
      "y": 758.806933540139
    },
    "9177daf751c28290be09d1a3ad884f6d221f164f42e078f8a67214d1bc26a4b0:1": {
      "x": 938.593690505295,
      "y": 684.8205437880943
    },
    "f4d39d2d28792516b4fc682882d1c001180df2113ac7ad06ab00af2adde31e90:2": {
      "x": 840.0035739518503,
      "y": 479.2888391400595
    },
    "0599e9caf3e87d5b23d81f88a36d37ab36f7abe40e54a2b4226da7ade404a5c8:1": {
      "x": 673.7071997541315,
      "y": 1183.2402103653787
    },
    "3d53bc473600200a55c51a449c3627fec10b52aa61e1cd3178e86c6c5c426a72:0": {
      "x": 741.4946036240949,
      "y": 1038.8499500797036
    },
    "4817e25e8c8e8c453cf39f26c8df769501266556fafa4ab741a255f08f9b214f:0": {
      "x": 962.5912212735396,
      "y": 1206.3746697443828
    },
    "dbb19412b11a12f9586810aa3f6e163074da26975aa3568a8605fe540d0f7e85:0": {
      "x": 810.8947125176621,
      "y": 1244.5941346431791
    },
    "118ddbcde7ec901c40809f10254012e5fee0350a037e000bd00039f719de9bf4:1": {
      "x": 155.67206026970618,
      "y": 719.6380078591075
    },
    "1a34ad8d0f28e2f094e584202e4b3d22d76a24637069b1df1f4d177b156e0b28:0": {
      "x": 407.35949914819514,
      "y": 852.3071184520728
    },
    "b253bffe5cac133935bd00593a33f221c9103566716d6b8f166221e713f294e5:1": {
      "x": 550.4833765184993,
      "y": 884.554712566355
    },
    "ea6b24e2df0078f8ae3fc9dc83c17c4c8c469118d426eeba151d08cf5f9f86a9:0": {
      "x": 284.67905300121697,
      "y": 403.7991835866424
    },
    "ea6b24e2df0078f8ae3fc9dc83c17c4c8c469118d426eeba151d08cf5f9f86a9:1": {
      "x": 493.52079412819717,
      "y": 531.2703509777444
    },
    "ea6b24e2df0078f8ae3fc9dc83c17c4c8c469118d426eeba151d08cf5f9f86a9:2": {
      "x": 655.8380986186497,
      "y": 723.3809576235642
    },
    "422085f1c7be2263c192665c6ec45222cbfa8e2674656cdb9e754a840492126c:0": {
      "x": 383.23522299047653,
      "y": 596.7371846295131
    },
    "c792e8488fc740b7251727e2825f69588fdca3c9cca661cf490a892de5df9735:1": {
      "x": 389.9550433106393,
      "y": 967.9250336619612
    },
    "3316bc6df7b4689ed7f306b6451fe2694e6064c631bf1e445c7f1f71b369a419:2": {
      "x": 739.3482831854968,
      "y": 595.4594877424295
    },
    "8dec059e434ce2b60e1afd685c05f2b99dba5f4d3abd6680917d8aa248b5db60:3": {
      "x": 763.6206206246079,
      "y": 222.4729322807229
    },
    "052cfe1f321e75e51f95d5f5801644e1008c176d52ad2f6019e6a4e3c4ae446a:4": {
      "x": 502.27949419285636,
      "y": 1191.036301852107
    },
    "118ddbcde7ec901c40809f10254012e5fee0350a037e000bd00039f719de9bf4:0": {
      "x": 607.3330929597805,
      "y": 1079.290954510895
    },
    "118ddbcde7ec901c40809f10254012e5fee0350a037e000bd00039f719de9bf4:2": {
      "x": 596.0092062176378,
      "y": 1320.7919726349485
    },
    "dbb19412b11a12f9586810aa3f6e163074da26975aa3568a8605fe540d0f7e85:1": {
      "x": 663.7304712243605,
      "y": 959.0319651817002
    },
    "422085f1c7be2263c192665c6ec45222cbfa8e2674656cdb9e754a840492126c:1": {
      "x": 790.0402358690664,
      "y": 1401.4961100650808
    },
    "1a34ad8d0f28e2f094e584202e4b3d22d76a24637069b1df1f4d177b156e0b28:1": {
      "x": 297.254000487874,
      "y": 697.0828829243518
    },
    "b253bffe5cac133935bd00593a33f221c9103566716d6b8f166221e713f294e5:0": {
      "x": 43.574943175776845,
      "y": 740.4140908180858
    },
    "d58816bb0b28715b48053deb3302e264398ab809228752c53917d8b5c9f25714:0": {
      "x": 72.85426039774914,
      "y": 587.2097702151976
    },
    "d58816bb0b28715b48053deb3302e264398ab809228752c53917d8b5c9f25714:1": {
      "x": 127.81141659069574,
      "y": 860.0655469072232
    },
    "b253bffe5cac133935bd00593a33f221c9103566716d6b8f166221e713f294e5:2": {
      "x": 260.0106499047553,
      "y": 961.7236072447456
    },
    "d58816bb0b28715b48053deb3302e264398ab809228752c53917d8b5c9f25714:2": {
      "x": 685.1568745278305,
      "y": 827.0090974875621
    },
    "ea6b24e2df0078f8ae3fc9dc83c17c4c8c469118d426eeba151d08cf5f9f86a9:3": {
      "x": 511.85284499596895,
      "y": 997.3723869636437
    },
    "31600749c8038b3a7cd8b647a74b2e30ac62e79bc4f97ace60f44b67a8631354:1": {
      "x": 28.00099317783733,
      "y": 391.29726714392626
    },
    "7e10917abe24346e1b3c6a93dd31c82721e5f235dd99319fca86d9a936d52475:0": {
      "x": 102.90168926943196,
      "y": 276.1222593055523
    },
    "ab3926a6736014d88e63407450b532ebf8ca081af0ac9ed2d690020f44b573c6:1": {
      "x": 406.35828965765654,
      "y": 441.8249313767399
    },
    "e9a18accc4ef04fd44405cca122a82c5d17bca023099163b64867d46648ca41c:0": {
      "x": 281.5754832124833,
      "y": 123.29413255052282
    },
    "e9a18accc4ef04fd44405cca122a82c5d17bca023099163b64867d46648ca41c:1": {
      "x": 174.5618152600504,
      "y": 371.9482526727418
    },